"Date","TimeOpen","TimeClose","Direction","EntryPrice","StopLoss","TakeProfit","ResultPoints","ResultR","MAE_Points","MFE_Points","SMA200_Trend","Breakout_Volume","Duration_Minutes","Spread_Entry","OpeningRangeSize","ATR","YesterdayRange","DistanceBreakout","DayOfWeek","Month","Strategy"
"2025.01.02","11:42","14:33","LONG","21202.03","21102.03","21502.03","-10000.0","-1.00","5850.0","7700.0","BELOW","235","171","100","5587.0","7.71","75.50","113.00","Thursday","January","Rango10_Cont"
"2025.01.02","16:36","17:30","SHORT","21110.50","21170.50","20930.50","18002.0","3.00","4445.0","15482.0","BELOW","2644","54","100","7425.0","29.40","75.50","-8320.00","Thursday","January","NY_Reversion"
"2025.01.03","11:08","14:31","SHORT","21031.90","21131.90","20731.90","-10000.0","-1.00","7188.0","1262.0","BELOW","230","203","100","5912.0","7.03","494.43","388.00","Friday","January","Rango10_Cont"
"2025.01.03","16:34","18:30","SHORT","21246.37","21306.37","21066.37","-6002.0","-1.00","5846.0","0.0","BELOW","2236","116","100","7285.0","19.09","494.43","-8984.00","Friday","January","NY_Reversion"
"2025.01.07","09:46","15:39","SHORT","21556.60","21656.60","21256.60","30005.0","3.00","5130.0","24281.0","ABOVE","299","353","100","2762.0","7.25","418.55","217.00","Tuesday","January","Rango10_Cont"
"2025.01.07","16:52","17:46","LONG","21279.42","21219.42","21459.42","-6006.0","-1.00","4903.0","143.0","BELOW","3477","54","100","7396.0","32.46","418.55","-11015.00","Tuesday","January","NY_Reversion"
"2025.01.08","10:02","11:31","LONG","21251.96","21151.96","21551.96","-10018.0","-1.00","5256.0","991.0","BELOW","295","89","100","2721.0","6.69","520.52","321.00","Wednesday","January","Rango10_Cont"
"2025.01.08","16:38","17:28","SHORT","21207.97","21267.97","21027.97","18005.0","3.00","1209.0","16712.0","BELOW","2358","50","100","5252.0","20.27","520.52","-7568.00","Wednesday","January","NY_Reversion"
"2025.01.09","09:38","23:00","LONG","21125.45","21025.45","21425.45","520.0","0.05","3042.0","2845.0","BELOW","341","802","100","2354.0","8.58","277.70","318.00","Thursday","January","Rango10_Cont"
"2025.01.10","16:38","18:23","LONG","20742.38","20682.38","20922.38","18001.0","3.00","923.0","16618.0","BELOW","2969","105","100","4979.0","25.89","127.73","-6973.00","Friday","January","NY_Reversion"
"2025.01.14","16:42","17:35","LONG","20704.63","20644.63","20884.63","-6004.0","-1.00","5043.0","680.0","BELOW","3254","53","100","6531.0","24.97","391.90","-9151.00","Tuesday","January","NY_Reversion"
"2025.01.15","09:38","13:33","LONG","20790.62","20690.62","21090.62","30008.0","3.00","1479.0","24137.0","BELOW","147","235","100","2247.0","5.56","359.12","350.00","Wednesday","January","Rango10_Cont"
"2025.01.15","16:32","07:10","LONG","21129.24","21069.24","21309.24","18016.0","3.00","4410.0","16896.0","ABOVE","3391","878","100","4634.0","23.35","359.12","-7122.00","Wednesday","January","NY_Reversion"
"2025.01.16","09:32","20:30","SHORT","21312.53","21412.53","21012.53","13947.0","1.39","3595.0","19697.0","ABOVE","439","658","100","5687.0","11.01","535.97","1077.00","Thursday","January","Rango10_Cont"
"2025.01.16","16:36","18:36","LONG","21215.50","21155.50","21395.50","-6006.0","-1.00","4555.0","4742.0","ABOVE","3393","120","100","6535.0","24.98","535.97","-7913.00","Thursday","January","NY_Reversion"
"2025.01.17","11:32","14:28","LONG","21210.40","21110.40","21510.40","30000.0","3.00","5137.0","29638.0","ABOVE","256","176","100","4775.0","5.74","384.41","287.00","Friday","January","Rango10_Cont"
"2025.01.17","17:02","14:40","LONG","21422.16","21362.16","21602.16","18003.0","3.00","4663.0","17587.0","ABOVE","2523","4178","100","5729.0","13.61","384.41","-6076.00","Friday","January","NY_Reversion"
"2025.01.20","10:54","23:00","LONG","21480.03","21380.03","21780.03","5975.0","0.60","7213.0","13912.0","ABOVE","181","726","100","2237.0","4.59","90.50","188.00","Monday","January","Rango10_Cont"
"2025.01.20","16:32","00:53","SHORT","21565.03","21625.03","21385.03","18035.0","3.01","2675.0","9825.0","ABOVE","841","501","100","2475.0","11.12","90.50","-2713.00","Monday","January","NY_Reversion"
"2025.01.22","09:32","20:30","LONG","21755.96","21655.96","22055.96","10853.0","1.09","3482.0","18211.0","ABOVE","286","658","100","2188.0","6.45","445.75","714.00","Wednesday","January","Rango10_Cont"
"2025.01.22","16:36","08:51","SHORT","21903.25","21963.25","21723.25","18010.0","3.00","3582.0","17306.0","ABOVE","1283","975","100","4986.0","11.50","445.75","-5057.00","Wednesday","January","NY_Reversion"
"2025.01.24","16:38","23:00","SHORT","21884.24","21944.24","21704.24","25146.0","4.19","1476.0","17147.0","ABOVE","1406","3262","100","2982.0","8.53","197.49","-3509.00","Friday","January","NY_Reversion"
"2025.01.27","09:32","10:50","SHORT","21050.40","21150.40","20750.40","30000.0","3.00","4413.0","27187.0","BELOW","1005","78","100","7737.0","18.75","136.38","288.00","Monday","January","Rango10_Cont"
"2025.01.27","16:42","19:48","LONG","21066.68","21006.68","21246.68","-6001.0","-1.00","5128.0","7341.0","BELOW","3642","186","100","9541.0","25.13","136.38","-9957.00","Monday","January","NY_Reversion"
"2025.01.28","17:00","17:11","SHORT","21348.26","21408.26","21168.26","-6002.0","-1.00","5325.0","0.0","BELOW","2073","11","100","7955.0","25.39","906.00","-8358.00","Tuesday","January","NY_Reversion"
"2025.01.29","09:54","13:22","LONG","21553.87","21453.87","21853.87","-10001.0","-1.00","9561.0","1039.0","ABOVE","256","208","100","4765.0","8.26","466.55","158.00","Wednesday","January","Rango10_Cont"
"2025.01.30","16:44","16:56","SHORT","21435.44","21495.44","21255.44","-6001.0","-1.00","4881.0","122.0","BELOW","2168","12","100","13026.0","21.66","324.31","-13352.00","Thursday","January","NY_Reversion"
"2025.01.31","16:40","18:20","LONG","21781.49","21721.49","21961.49","-6001.0","-1.00","4486.0","3869.0","ABOVE","2332","100","100","4638.0","15.46","323.61","-5633.00","Friday","January","NY_Reversion"
"2025.02.03","10:04","11:03","SHORT","21049.78","21149.78","20749.78","-10007.0","-1.00","8037.0","0.0","BELOW","396","59","100","5938.0","15.13","251.75","287.00","Monday","February","Rango10_Cont"
"2025.02.03","16:58","23:00","LONG","21273.99","21213.99","21453.99","20881.0","3.48","2968.0","18876.0","BELOW","3963","362","100","7641.0","29.46","251.75","-8522.00","Monday","February","NY_Reversion"
"2025.02.05","09:34","14:28","SHORT","21351.15","21451.15","21051.15","-10003.0","-1.00","8960.0","1495.0","BELOW","462","294","100","4748.0","9.98","449.07","115.00","Wednesday","February","Rango10_Cont"
"2025.02.05","16:32","16:50","SHORT","21520.70","21580.70","21340.70","-6001.0","-1.00","5310.0","712.0","ABOVE","2057","18","100","5822.0","17.34","449.07","-6121.00","Wednesday","February","NY_Reversion"
"2025.02.06","16:32","19:33","LONG","21693.32","21633.32","21873.32","-6001.0","-1.00","4168.0","4080.0","ABOVE","1592","181","100","1996.0","11.52","362.57","-1894.00","Thursday","February","NY_Reversion"
"2025.02.07","09:44","15:03","LONG","21766.53","21666.53","22066.53","-10005.0","-1.00","4400.0","9425.0","ABOVE","253","319","100","2575.0","6.56","176.60","163.00","Friday","February","Rango10_Cont"
"2025.02.07","16:48","17:05","LONG","21553.94","21493.94","21733.94","-6005.0","-1.00","3621.0","674.0","ABOVE","3742","17","100","10623.0","27.55","176.60","-10915.00","Friday","February","NY_Reversion"
"2025.02.10","10:06","20:30","LONG","21619.03","21519.03","21919.03","14774.0","1.48","800.0","17075.0","ABOVE","186","624","100","2900.0","5.13","153.50","200.00","Monday","February","Rango10_Cont"
"2025.02.10","16:34","23:25","LONG","21745.39","21685.39","21925.39","-6001.0","-1.00","4954.0","3963.0","ABOVE","1740","411","100","2937.0","12.14","153.50","-3176.00","Monday","February","NY_Reversion"
"2025.02.11","16:52","17:04","LONG","21716.02","21656.02","21896.02","-6000.0","-1.00","5588.0","0.0","ABOVE","1477","12","100","2964.0","11.39","251.88","-3544.00","Tuesday","February","NY_Reversion"
"2025.02.13","09:42","20:30","LONG","21744.78","21644.78","22044.78","25047.0","2.50","3863.0","25478.0","ABOVE","244","648","100","7787.0","7.12","391.80","113.00","Thursday","February","Rango10_Cont"
"2025.02.14","17:30","06:39","LONG","22023.21","21963.21","22203.21","18015.0","3.00","100.0","17394.0","ABOVE","1334","5109","100","5366.0","10.23","370.21","-5373.00","Friday","February","NY_Reversion"
"2025.02.17","16:36","06:39","LONG","22158.65","22098.65","22338.65","4471.0","0.75","0.0","16632.0","ABOVE","324","843","100","850.0","4.30","30.62","-975.00","Monday","February","NY_Reversion"
"2025.02.18","09:46","20:30","SHORT","22194.53","22294.53","21894.53","10272.0","1.03","4125.0","15626.0","ABOVE","243","644","100","2725.0","4.93","88.25","275.00","Tuesday","February","Rango10_Cont"
"2025.02.19","09:54","20:30","SHORT","22172.53","22272.53","21872.53","2933.0","0.29","4791.0","11988.0","ABOVE","155","636","100","2150.0","3.66","211.33","37.00","Wednesday","February","Rango10_Cont"
"2025.02.19","16:42","19:39","SHORT","22153.47","22213.47","21973.47","-6002.0","-1.00","5709.0","1933.0","ABOVE","1234","177","100","1903.0","8.38","211.33","-2342.00","Wednesday","February","NY_Reversion"
"2025.02.21","09:34","15:00","LONG","22096.65","21996.65","22396.65","-10010.0","-1.00","7137.0","7625.0","ABOVE","209","326","100","2113.0","5.67","278.12","262.00","Friday","February","Rango10_Cont"
"2025.02.24","16:44","20:55","SHORT","21538.89","21598.89","21358.89","18002.0","3.00","4983.0","15281.0","BELOW","3151","251","100","8776.0","21.73","96.87","-8797.00","Monday","February","NY_Reversion"
"2025.02.25","10:52","12:26","SHORT","21234.03","21334.03","20934.03","-10009.0","-1.00","9500.0","63.0","BELOW","494","94","100","7975.0","9.68","443.38","562.00","Tuesday","February","Rango10_Cont"
"2025.02.25","16:32","16:57","LONG","20945.06","20885.06","21125.06","18003.0","3.00","199.0","12001.0","BELOW","3449","25","100","6330.0","27.51","443.38","-8571.00","Tuesday","February","NY_Reversion"
"2025.02.27","16:52","17:20","LONG","20974.58","20914.58","21154.58","-6005.0","-1.00","5425.0","0.0","BELOW","3071","28","100","10400.0","25.55","340.33","-13150.00","Thursday","February","NY_Reversion"
"2025.02.28","16:42","17:58","SHORT","20678.18","20738.18","20498.18","18001.0","3.00","1233.0","15996.0","BELOW","2891","76","100","8412.0","25.47","800.62","-9240.00","Friday","February","NY_Reversion"
"2025.03.03","09:34","14:55","LONG","20942.03","20842.03","21242.03","-10004.0","-1.00","5900.0","11200.0","BELOW","352","321","100","5175.0","11.63","86.38","500.00","Monday","March","Rango10_Cont"
"2025.03.03","16:38","18:05","LONG","20810.15","20750.15","20990.15","-6002.0","-1.00","2112.0","9500.0","BELOW","3662","87","100","9950.0","34.74","86.38","-13175.00","Monday","March","NY_Reversion"
"2025.03.04","09:42","15:00","SHORT","20451.28","20551.28","20151.28","30002.0","3.00","3925.0","26025.0","BELOW","512","318","100","5850.0","13.60","802.75","1362.00","Tuesday","March","Rango10_Cont"
"2025.03.04","16:44","16:53","SHORT","20202.74","20262.74","20022.74","-6003.0","-1.00","3999.0","0.0","BELOW","4471","9","100","12059.0","37.68","802.75","-13760.00","Tuesday","March","NY_Reversion"
"2025.03.05","09:34","11:53","LONG","20562.90","20462.90","20862.90","-10014.0","-1.00","7525.0","1963.0","BELOW","446","139","100","8188.0","12.38","659.43","162.00","Wednesday","March","Rango10_Cont"
"2025.03.05","16:36","17:21","LONG","20213.45","20153.45","20393.45","18003.0","3.00","1696.0","15353.0","BELOW","3769","45","100","5456.0","32.39","659.43","-5843.00","Wednesday","March","NY_Reversion"
"2025.03.06","10:02","15:22","SHORT","20342.78","20442.78","20042.78","-10002.0","-1.00","8900.0","12038.0","BELOW","982","320","100","9475.0","18.13","507.54","1237.00","Thursday","March","Rango10_Cont"
"2025.03.06","16:44","16:52","LONG","20299.19","20239.19","20479.19","-6001.0","-1.00","4645.0","1831.0","BELOW","3272","8","100","11737.0","42.19","507.54","-13369.00","Thursday","March","NY_Reversion"
"2025.03.07","10:10","13:31","SHORT","20122.28","20222.28","19822.28","-10001.0","-1.00","4100.0","6863.0","BELOW","430","201","100","6887.0","9.34","643.94","50.00","Friday","March","Rango10_Cont"
"2025.03.07","16:38","16:52","LONG","19798.80","19738.80","19978.80","-6005.0","-1.00","3083.0","320.0","BELOW","4040","14","100","13550.0","30.44","643.94","-15935.00","Friday","March","NY_Reversion"
"2025.03.10","09:34","11:56","LONG","19998.78","19898.78","20298.78","-10020.0","-1.00","9263.0","2412.0","BELOW","506","142","100","7400.0","13.64","179.38","175.00","Monday","March","Rango10_Cont"
"2025.03.10","15:32","17:10","SHORT","19631.49","19691.49","19451.49","18004.0","3.00","2224.0","17701.0","BELOW","3441","98","100","7172.0","31.84","179.38","-9870.00","Monday","March","NY_Reversion"
"2025.03.11","10:02","17:27","SHORT","19487.15","19587.15","19187.15","30002.0","3.00","7375.0","29112.0","BELOW","647","445","100","4925.0","12.86","922.87","1425.00","Tuesday","March","Rango10_Cont"
"2025.03.11","15:42","16:14","SHORT","19494.07","19554.07","19314.07","18001.0","3.00","1883.0","17352.0","BELOW","3203","32","100","8544.0","41.44","922.87","-11154.00","Tuesday","March","NY_Reversion"
"2025.03.12","09:34","15:01","LONG","19535.90","19435.90","19835.90","-10004.0","-1.00","8787.0","20300.0","BELOW","459","327","100","3137.0","9.44","546.43","150.00","Wednesday","March","Rango10_Cont"
"2025.03.12","15:36","15:47","SHORT","19526.89","19586.89","19346.89","-6002.0","-1.00","3592.0","0.0","BELOW","3000","11","100","12862.0","31.67","546.43","-13896.00","Wednesday","March","NY_Reversion"
"2025.03.13","09:38","13:45","LONG","19545.40","19445.40","19845.40","-10001.0","-1.00","7787.0","6438.0","BELOW","443","247","100","9737.0","11.80","398.88","500.00","Thursday","March","Rango10_Cont"
"2025.03.13","15:36","16:47","LONG","19317.41","19257.41","19497.41","-6000.0","-1.00","4911.0","4461.0","BELOW","3021","71","100","5916.0","26.59","398.88","-6562.00","Thursday","March","NY_Reversion"
"2025.03.14","10:14","12:29","SHORT","19410.78","19510.78","19110.78","-10006.0","-1.00","8862.0","2200.0","BELOW","526","135","100","3188.0","8.61","524.30","462.00","Friday","March","Rango10_Cont"
"2025.03.14","15:34","19:54","SHORT","19651.49","19711.49","19471.49","-6004.0","-1.00","3738.0","6000.0","BELOW","2497","260","100","6550.0","21.15","524.30","-7223.00","Friday","March","NY_Reversion"
"2025.03.17","09:40","18:33","LONG","19619.65","19519.65","19919.65","30000.0","3.00","912.0","29268.0","BELOW","378","533","100","2500.0","8.53","128.00","100.00","Monday","March","Rango10_Cont"
"2025.03.17","15:34","18:00","LONG","19644.68","19584.68","19824.68","18006.0","3.00","1485.0","17155.0","BELOW","2931","146","100","5622.0","23.88","128.00","-7411.00","Monday","March","NY_Reversion"
"2025.03.18","09:36","13:44","SHORT","19796.35","19896.35","19496.35","30004.0","3.00","150.0","23425.0","ABOVE","407","248","100","2387.0","6.91","399.88","38.00","Tuesday","March","Rango10_Cont"
"2025.03.18","15:58","13:32","LONG","19419.17","19359.17","19599.17","18002.0","3.00","100.0","16236.0","BELOW","2303","1294","100","4923.0","18.36","399.88","-6210.00","Tuesday","March","NY_Reversion"
"2025.03.19","15:34","18:32","SHORT","19670.20","19730.20","19490.20","-6001.0","-1.00","4415.0","8583.0","ABOVE","1534","178","100","6035.0","16.52","428.27","-6248.00","Wednesday","March","NY_Reversion"
"2025.03.20","09:34","14:26","SHORT","19768.60","19868.60","19468.60","-10002.0","-1.00","8226.0","22037.0","ABOVE","539","292","100","5900.0","10.09","476.99","1775.00","Thursday","March","Rango10_Cont"
"2025.03.21","15:42","16:57","LONG","19502.78","19442.78","19682.78","18005.0","3.00","1850.0","16231.0","BELOW","2527","75","100","5300.0","18.23","369.11","-5537.00","Friday","March","NY_Reversion"
"2025.03.24","09:32","13:39","SHORT","19988.78","20088.78","19688.78","-10002.0","-1.00","9412.0","763.0","ABOVE","278","247","100","2562.0","6.17","57.75","375.00","Monday","March","Rango10_Cont"
"2025.03.24","15:32","22:09","LONG","20139.32","20079.32","20319.32","18011.0","3.00","4629.0","17449.0","ABOVE","1688","1837","100","2578.0","10.81","57.75","-2510.00","Monday","March","NY_Reversion"
"2025.03.25","09:36","20:30","LONG","20125.78","20025.78","20425.78","18386.0","1.84","638.0","18020.0","ABOVE","227","654","100","2800.0","6.92","311.96","338.00","Tuesday","March","Rango10_Cont"
"2025.03.25","15:34","22:09","LONG","20259.46","20199.46","20439.46","5997.0","1.00","0.0","17449.0","ABOVE","1761","395","100","1953.0","9.22","311.96","-2192.00","Tuesday","March","NY_Reversion"
"2025.03.26","09:56","16:57","SHORT","20236.65","20336.65","19936.65","30002.0","3.00","5250.0","28539.0","ABOVE","450","421","100","2275.0","6.48","239.37","638.00","Wednesday","March","Rango10_Cont"
"2025.03.26","15:44","15:56","LONG","20058.14","19998.14","20238.14","-6001.0","-1.00","4995.0","750.0","ABOVE","2050","12","100","5836.0","15.32","239.37","-5926.00","Wednesday","March","NY_Reversion"
"2025.03.27","09:52","13:25","LONG","19930.93","19830.93","20230.93","-10000.0","-1.00","9125.0","862.0","ABOVE","398","213","100","2863.0","7.99","526.85","425.00","Thursday","March","Rango10_Cont"
"2025.03.28","09:36","14:00","LONG","19736.15","19636.15","20036.15","-10006.0","-1.00","7737.0","3938.0","BELOW","337","264","100","2050.0","6.95","259.38","337.00","Friday","March","Rango10_Cont"
"2025.03.28","15:34","19:33","SHORT","19437.06","19497.06","19257.06","18000.0","3.00","528.0","16987.0","BELOW","2838","239","100","6104.0","22.23","259.38","-6147.00","Friday","March","NY_Reversion"
"2025.03.31","11:26","15:53","SHORT","18981.40","19081.40","18681.40","-10002.0","-1.00","9116.0","17450.0","BELOW","480","267","100","6338.0","12.84","110.25","300.00","Monday","March","Rango10_Cont"
"2025.03.31","15:42","17:09","SHORT","19053.22","19113.22","18873.22","-6001.0","-1.00","5475.0","4691.0","BELOW","3049","87","100","11639.0","24.02","110.25","-11649.00","Monday","March","NY_Reversion"
"2025.04.01","09:34","10:27","LONG","19326.03","19226.03","19626.03","-10004.0","-1.00","8688.0","550.0","BELOW","394","53","100","2987.0","9.09","515.85","1138.00","Tuesday","April","Rango10_Cont"
"2025.04.01","15:36","18:00","LONG","19375.95","19315.95","19555.95","-6000.0","-1.00","4219.0","8871.0","BELOW","3296","144","100","4946.0","21.88","515.85","-5467.00","Tuesday","April","NY_Reversion"
"2025.04.02","16:14","16:32","SHORT","19546.52","19606.52","19366.52","-6000.0","-1.00","5003.0","0.0","BELOW","2765","18","100","13316.0","24.12","429.13","-14058.00","Wednesday","April","NY_Reversion"
"2025.04.03","09:46","15:07","SHORT","18875.95","18975.95","18575.95","30004.0","3.00","1338.0","28423.0","BELOW","537","321","100","10288.0","16.35","1214.21","2775.00","Thursday","April","Rango10_Cont"
"2025.04.03","15:38","16:13","SHORT","18726.77","18786.77","18546.77","-6000.0","-1.00","3331.0","4629.0","BELOW","4244","35","100","7402.0","34.10","1214.21","-9581.00","Thursday","April","NY_Reversion"
"2025.04.04","09:32","10:22","SHORT","18371.40","18471.40","18071.40","30010.0","3.00","6088.0","29387.0","BELOW","1068","50","100","5700.0","17.86","574.68","1188.00","Friday","April","Rango10_Cont"
"2025.04.04","15:36","15:37","LONG","17778.66","17718.66","17958.66","-6001.0","-1.00","100.0","0.0","BELOW","5168","1","100","20865.0","72.17","574.68","-21577.00","Friday","April","NY_Reversion"
"2025.04.07","09:40","10:38","LONG","16764.53","16664.53","17064.53","30011.0","3.00","4713.0","29462.0","BELOW","608","58","100","14475.0","35.14","385.63","1625.00","Monday","April","Rango10_Cont"
"2025.04.08","09:56","11:18","SHORT","17609.13","17709.13","17309.13","-10003.0","-1.00","8350.0","3950.0","BELOW","611","82","100","7788.0","19.01","1880.50","787.00","Tuesday","April","Rango10_Cont"
"2025.04.08","15:42","16:17","SHORT","17959.26","18019.26","17779.26","18000.0","3.00","894.0","13141.0","BELOW","3805","35","100","11505.0","46.18","1880.50","-11708.00","Tuesday","April","NY_Reversion"
"2025.04.09","09:44","11:00","SHORT","17152.13","17252.13","16852.13","30013.0","3.00","7862.0","14575.0","BELOW","366","76","100","11400.0","29.11","1473.50","75.00","Wednesday","April","Rango10_Cont"
"2025.04.09","15:36","15:44","LONG","17197.00","17137.00","17377.00","-6006.0","-1.00","4271.0","3417.0","BELOW","3502","8","100","12175.0","46.88","1473.50","-13300.00","Wednesday","April","NY_Reversion"
"2025.04.10","09:36","12:41","LONG","18720.63","18620.63","19020.63","-10003.0","-1.00","5975.0","11662.0","ABOVE","629","185","100","11675.0","25.38","2627.00","413.00","Thursday","April","Rango10_Cont"
"2025.04.10","15:32","15:44","LONG","18310.78","18250.78","18490.78","-6002.0","-1.00","2869.0","0.0","BELOW","3955","12","100","15369.0","38.56","2627.00","-16924.00","Thursday","April","NY_Reversion"
"2025.04.11","09:34","13:13","LONG","18326.38","18226.38","18626.38","-10012.0","-1.00","3088.0","21912.0","ABOVE","848","219","100","10275.0","33.60","1398.96","275.00","Friday","April","Rango10_Cont"
"2025.04.11","15:38","15:39","SHORT","18343.48","18403.48","18163.48","-6001.0","-1.00","100.0","0.0","ABOVE","3459","1","100","10975.0","49.77","1398.96","-15222.00","Friday","April","NY_Reversion"
"2025.04.14","09:36","11:13","SHORT","18917.50","19017.50","18617.50","-10000.0","-1.00","9363.0","2287.0","ABOVE","416","97","100","7863.0","12.63","193.50","1100.00","Monday","April","Rango10_Cont"
"2025.04.14","15:38","15:46","LONG","18788.74","18728.74","18968.74","-6000.0","-1.00","5521.0","0.0","ABOVE","3243","8","100","11379.0","31.69","193.50","-13116.00","Monday","April","NY_Reversion"
"2025.04.15","09:32","11:45","LONG","18883.38","18783.38","19183.38","-10005.0","-1.00","8988.0","0.0","ABOVE","490","133","100","5037.0","12.84","513.06","163.00","Tuesday","April","Rango10_Cont"
"2025.04.15","15:38","16:58","LONG","18871.25","18811.25","19051.25","-6001.0","-1.00","5608.0","7929.0","ABOVE","3118","80","100","7887.0","28.73","513.06","-7907.00","Tuesday","April","NY_Reversion"
"2025.04.16","10:00","17:47","SHORT","18544.50","18644.50","18244.50","30005.0","3.00","4988.0","28183.0","ABOVE","611","467","100","7137.0","15.03","447.25","1313.00","Wednesday","April","Rango10_Cont"
"2025.04.16","16:00","17:12","LONG","18460.52","18400.52","18640.52","-6001.0","-1.00","5563.0","1089.0","ABOVE","2761","72","100","13633.0","18.70","447.25","-14240.00","Wednesday","April","NY_Reversion"
"2025.04.17","10:44","12:03","SHORT","18395.30","18495.30","18095.30","-10008.0","-1.00","2300.0","5025.0","ABOVE","521","79","100","6725.0","11.18","736.77","863.00","Thursday","April","Rango10_Cont"
"2025.04.17","16:20","18:08","SHORT","18319.14","18379.14","18139.14","-6003.0","-1.00","5055.0","6861.0","ABOVE","3368","108","100","11134.0","42.83","736.77","-11150.00","Thursday","April","NY_Reversion"
"2025.04.21","15:32","15:55","LONG","17737.76","17677.76","17917.76","-6002.0","-1.00","5133.0","27.0","BELOW","2354","23","100","6243.0","22.32","96.38","-6855.00","Monday","April","NY_Reversion"
"2025.04.23","09:32","10:55","SHORT","18715.88","18815.88","18415.88","-10023.0","-1.00","8787.0","788.0","ABOVE","270","83","100","2012.0","8.44","851.37","175.00","Wednesday","April","Rango10_Cont"
"2025.04.23","15:48","15:53","LONG","18747.61","18687.61","18927.61","-6000.0","-1.00","4544.0","0.0","ABOVE","3613","5","100","18538.0","42.90","851.37","-20688.00","Wednesday","April","NY_Reversion"
"2025.04.24","09:32","13:45","LONG","18553.75","18453.75","18853.75","30002.0","3.00","1262.0","29013.0","ABOVE","325","253","100","2963.0","8.05","535.05","662.00","Thursday","April","Rango10_Cont"
"2025.04.24","15:56","16:57","SHORT","19097.75","19157.75","18917.75","-6002.0","-1.00","4796.0","6363.0","ABOVE","2339","61","100","7655.0","20.49","535.05","-7767.00","Thursday","April","NY_Reversion"
"2025.04.25","10:22","16:27","SHORT","19219.25","19319.25","18919.25","-10001.0","-1.00","9787.0","10275.0","ABOVE","1657","365","100","5862.0","19.87","840.88","1488.00","Friday","April","Rango10_Cont"
"2025.04.25","15:44","17:14","LONG","19219.59","19159.59","19399.59","18000.0","3.00","100.0","17499.0","ABOVE","2574","90","100","5695.0","23.16","840.88","-6670.00","Friday","April","NY_Reversion"
"2025.04.28","16:08","19:08","LONG","19190.83","19130.83","19370.83","18004.0","3.00","2432.0","17149.0","ABOVE","2568","180","100","14862.0","24.39","75.75","-16681.00","Monday","April","NY_Reversion"
"2025.04.29","15:36","12:21","LONG","19407.41","19347.41","19587.41","-6015.0","-1.00","4441.0","17079.0","ABOVE","2971","1245","100","5517.0","22.86","361.81","-5768.00","Tuesday","April","NY_Reversion"
"2025.04.30","15:46","18:07","SHORT","19346.14","19406.14","19166.14","-6011.0","-1.00","5384.0","9856.0","ABOVE","3422","141","100","5842.0","24.07","306.40","-6549.00","Wednesday","April","NY_Reversion"
"2025.05.01","09:32","13:39","LONG","19904.60","19804.60","20204.60","-10001.0","-1.00","8275.0","2250.0","ABOVE","353","247","100","2400.0","9.42","832.10","738.00","Thursday","May","Rango10_Cont"
"2025.05.01","15:32","15:54","LONG","19964.75","19904.75","20144.75","-6001.0","-1.00","5308.0","519.0","ABOVE","2560","22","100","5081.0","16.39","832.10","-6102.00","Thursday","May","NY_Reversion"
"2025.05.02","09:42","16:01","LONG","19824.25","19724.25","20124.25","30002.0","3.00","775.0","27560.0","ABOVE","340","379","100","4838.0","8.69","367.02","262.00","Friday","May","Rango10_Cont"
"2025.05.02","16:00","16:06","SHORT","20099.85","20159.85","19919.85","-6002.0","-1.00","5382.0","0.0","ABOVE","1633","6","100","5684.0","11.78","367.02","-5860.00","Friday","May","NY_Reversion"
"2025.05.07","15:44","17:04","SHORT","19764.98","19824.98","19584.98","-6000.0","-1.00","5849.0","5095.0","ABOVE","2252","80","100","4971.0","20.26","397.12","-5246.00","Wednesday","May","NY_Reversion"
"2025.05.08","09:40","12:37","LONG","20166.88","20066.88","20466.88","-10002.0","-1.00","5938.0","775.0","ABOVE","268","177","100","3275.0","7.01","423.24","275.00","Thursday","May","Rango10_Cont"
"2025.05.08","15:38","15:41","SHORT","20120.58","20180.58","19940.58","-6004.0","-1.00","1166.0","0.0","ABOVE","2376","3","100","12971.0","23.15","423.24","-12992.00","Thursday","May","NY_Reversion"
"2025.05.09","09:44","14:36","LONG","20114.00","20014.00","20414.00","-10004.0","-1.00","8591.0","7838.0","ABOVE","166","292","100","2088.0","6.88","405.91","162.00","Friday","May","Rango10_Cont"
"2025.05.09","15:32","22:01","LONG","20029.72","19969.72","20209.72","33308.0","5.55","2176.0","7012.0","ABOVE","2847","3269","100","6069.0","20.12","405.91","-6448.00","Friday","May","NY_Reversion"
"2025.05.13","09:32","14:07","LONG","20780.38","20680.38","21080.38","30000.0","3.00","225.0","28200.0","ABOVE","216","275","100","3125.0","6.63","547.25","213.00","Tuesday","May","Rango10_Cont"
"2025.05.13","15:48","06:57","SHORT","21213.52","21273.52","21033.52","-6010.0","-1.00","4390.0","4664.0","ABOVE","2089","909","100","4608.0","12.40","547.25","-5114.00","Tuesday","May","NY_Reversion"
"2025.05.14","10:34","20:30","LONG","21215.00","21115.00","21515.00","10684.0","1.07","877.0","12088.0","ABOVE","251","596","100","5150.0","6.70","523.33","362.00","Wednesday","May","Rango10_Cont"
"2025.05.14","15:44","08:54","SHORT","21307.13","21367.13","21127.13","18002.0","3.00","2975.0","17188.0","ABOVE","1794","1030","100","5050.0","12.31","523.33","-5213.00","Wednesday","May","NY_Reversion"
"2025.05.15","09:32","20:30","LONG","21163.38","21063.38","21463.38","15677.0","1.57","1738.0","27552.0","ABOVE","343","658","100","5125.0","10.67","179.51","225.00","Thursday","May","Rango10_Cont"
"2025.05.15","15:44","16:47","SHORT","21346.86","21406.86","21166.86","-6004.0","-1.00","5377.0","1007.0","ABOVE","1881","63","100","5221.0","15.57","179.51","-6019.00","Thursday","May","NY_Reversion"
"2025.05.16","15:32","17:34","SHORT","21337.05","21397.05","21157.05","-6000.0","-1.00","5652.0","555.0","ABOVE","2148","122","100","3099.0","15.59","336.11","-3979.00","Friday","May","NY_Reversion"
"2025.05.19","09:32","15:40","LONG","21092.75","20992.75","21392.75","30001.0","3.00","3462.0","28113.0","ABOVE","307","368","100","5100.0","7.79","118.88","362.00","Monday","May","Rango10_Cont"
"2025.05.20","15:42","18:28","LONG","21331.56","21271.56","21511.56","-6004.0","-1.00","3808.0","6581.0","ABOVE","1599","166","100","2901.0","12.21","451.58","-2939.00","Tuesday","May","NY_Reversion"
"2025.05.22","09:32","11:58","LONG","21136.35","21036.35","21436.35","-10005.0","-1.00","7487.0","3313.0","BELOW","179","146","100","2587.0","6.38","483.39","150.00","Thursday","May","Rango10_Cont"
"2025.05.22","16:00","19:05","SHORT","21200.54","21260.54","21020.54","-6004.0","-1.00","4789.0","6698.0","ABOVE","1749","185","100","6375.0","20.04","483.39","-6791.00","Thursday","May","NY_Reversion"
"2025.05.23","11:20","11:59","SHORT","21053.78","21153.78","20753.78","30017.0","3.00","100.0","28675.0","BELOW","630","39","100","7237.0","12.70","297.95","650.00","Friday","May","Rango10_Cont"
"2025.05.23","15:32","17:09","SHORT","20907.84","20967.84","20727.84","-6001.0","-1.00","4855.0","3163.0","BELOW","2040","97","100","7795.0","20.85","297.95","-7870.00","Friday","May","NY_Reversion"
"2025.05.26","15:32","07:31","SHORT","21201.38","21261.38","21021.38","-6008.0","-1.00","3930.0","10708.0","BELOW","556","959","100","2838.0","6.91","267.63","-3313.00","Monday","May","NY_Reversion"
"2025.05.28","10:02","20:00","LONG","21378.75","21278.75","21678.75","-10002.0","-1.00","6414.0","12188.0","ABOVE","304","598","100","2275.0","6.08","342.30","312.00","Wednesday","May","Rango10_Cont"
"2025.05.29","15:34","15:57","LONG","21389.99","21329.99","21569.99","-6006.0","-1.00","1669.0","1476.0","ABOVE","2751","23","100","5261.0","20.53","447.27","-6851.00","Thursday","May","NY_Reversion"
"2025.05.30","15:38","16:22","LONG","21268.12","21208.12","21448.12","-6005.0","-1.00","4276.0","3000.0","BELOW","2025","44","100","5894.0","20.66","553.47","-6390.00","Friday","May","NY_Reversion"
"2025.06.02","15:50","17:01","SHORT","21363.50","21423.50","21183.50","-6000.0","-1.00","4275.0","0.0","ABOVE","1546","71","100","4563.0","15.12","70.87","-4675.00","Monday","June","NY_Reversion"
"2025.06.03","09:38","17:21","LONG","21417.38","21317.38","21717.38","30000.0","3.00","1663.0","28985.0","ABOVE","191","463","100","2487.0","8.69","415.02","188.00","Tuesday","June","Rango10_Cont"
"2025.06.03","16:02","16:37","SHORT","21645.66","21705.66","21465.66","-6001.0","-1.00","5175.0","708.0","ABOVE","1375","35","100","3024.0","9.75","415.02","-3133.00","Tuesday","June","NY_Reversion"
"2025.06.04","15:32","15:56","LONG","21710.28","21650.28","21890.28","18002.0","3.00","4290.0","17065.0","ABOVE","2123","1464","100","2628.0","12.24","358.57","-3130.00","Wednesday","June","NY_Reversion"
"2025.06.05","10:10","13:48","LONG","21757.88","21657.88","22057.88","-10004.0","-1.00","9050.0","6112.0","ABOVE","202","218","100","2688.0","8.37","159.37","450.00","Thursday","June","Rango10_Cont"
"2025.06.05","16:16","16:44","LONG","21825.24","21765.24","22005.24","-6000.0","-1.00","5584.0","251.0","ABOVE","2486","28","100","6007.0","14.85","159.37","-6248.00","Thursday","June","NY_Reversion"
"2025.06.06","09:36","20:30","LONG","21652.50","21552.50","21952.50","12638.0","1.26","4200.0","18183.0","ABOVE","194","654","100","3237.0","6.16","454.54","225.00","Friday","June","Rango10_Cont"
"2025.06.06","16:56","01:24","LONG","21700.01","21640.01","21880.01","18011.0","3.00","1088.0","17687.0","ABOVE","2600","4828","100","10763.0","16.46","454.54","-11417.00","Friday","June","NY_Reversion"
"2025.06.09","10:54","14:31","SHORT","21741.88","21841.88","21441.88","-10005.0","-1.00","9526.0","1050.0","ABOVE","190","217","100","2062.0","4.23","87.75","125.00","Monday","June","Rango10_Cont"
"2025.06.09","16:52","01:24","SHORT","21849.36","21909.36","21669.36","-3076.0","-0.51","0.0","17687.0","ABOVE","1479","512","100","4604.0","8.47","87.75","-6394.00","Monday","June","NY_Reversion"
"2025.06.10","15:32","15:33","LONG","21808.78","21748.78","21988.78","-6000.0","-1.00","100.0","0.0","ABOVE","2433","1","100","2380.0","11.72","178.94","-4402.00","Tuesday","June","NY_Reversion"
"2025.06.12","09:32","20:30","LONG","21799.38","21699.38","22099.38","9175.0","0.92","8163.0","14593.0","ABOVE","460","658","100","2650.0","8.26","312.08","250.00","Thursday","June","Rango10_Cont"
"2025.06.12","16:30","00:00","SHORT","21932.90","21992.90","21752.90","18033.0","3.01","1124.0","16290.0","ABOVE","1823","450","100","7182.0","15.56","312.08","-7223.00","Thursday","June","NY_Reversion"
"2025.06.13","10:58","20:30","LONG","21631.88","21531.88","21931.88","591.0","0.06","3513.0","20045.0","BELOW","485","572","100","6650.0","9.23","260.78","338.00","Friday","June","Rango10_Cont"
"2025.06.13","15:44","18:34","SHORT","21796.86","21856.86","21616.86","18000.0","3.00","3647.0","17690.0","ABOVE","1543","170","100","6082.0","15.71","260.78","-6529.00","Friday","June","NY_Reversion"
"2025.06.16","09:50","12:22","SHORT","21725.00","21825.00","21425.00","-10004.0","-1.00","8738.0","0.0","BELOW","231","152","100","4725.0","6.61","164.25","75.00","Monday","June","Rango10_Cont"
"2025.06.17","10:38","14:12","SHORT","21784.18","21884.18","21484.18","-10000.0","-1.00","9592.0","1813.0","ABOVE","374","214","100","6225.0","6.83","336.75","87.00","Tuesday","June","Rango10_Cont"
"2025.06.17","16:50","17:30","LONG","21835.75","21775.75","22015.75","-6001.0","-1.00","5461.0","108.0","ABOVE","2304","40","100","4824.0","13.80","336.75","-6181.00","Tuesday","June","NY_Reversion"
"2025.06.18","15:52","19:01","SHORT","21835.59","21895.59","21655.59","18000.0","3.00","407.0","14986.0","ABOVE","1367","189","100","2305.0","14.49","267.98","-2557.00","Wednesday","June","NY_Reversion"
"2025.06.19","10:10","22:00","SHORT","21596.12","21696.12","21296.12","6362.0","0.64","3301.0","15362.0","BELOW","173","710","100","2526.0","6.18","212.23","50.00","Thursday","June","Rango10_Cont"
"2025.06.23","10:02","14:06","SHORT","21665.10","21765.10","21365.10","-10000.0","-1.00","9250.0","10275.0","BELOW","926","244","100","5250.0","6.09","122.24","25.00","Monday","June","Rango10_Cont"
"2025.06.23","15:42","16:29","LONG","21710.17","21650.17","21890.17","-6000.0","-1.00","5443.0","3492.0","BELOW","2099","47","100","5881.0","16.58","122.24","-7753.00","Monday","June","NY_Reversion"
"2025.06.24","15:38","19:03","SHORT","22157.23","22217.23","21977.23","-6000.0","-1.00","5405.0","1653.0","ABOVE","1101","205","100","2457.0","8.02","545.15","-2885.00","Tuesday","June","NY_Reversion"
"2025.06.25","09:46","13:30","SHORT","22205.63","22305.63","21905.63","-10005.0","-1.00","8350.0","1100.0","ABOVE","128","224","100","2587.0","5.30","246.82","75.00","Wednesday","June","Rango10_Cont"
"2025.06.25","15:34","16:00","LONG","22215.19","22155.19","22395.19","18001.0","3.00","3237.0","17280.0","ABOVE","2153","1466","100","2545.0","12.91","246.82","-3625.00","Wednesday","June","NY_Reversion"
"2025.06.26","15:32","16:00","LONG","22337.93","22277.93","22517.93","5727.0","0.95","0.0","17280.0","ABOVE","2549","28","100","4715.0","11.11","159.49","-5149.00","Thursday","June","NY_Reversion"
"2025.06.27","10:14","20:30","SHORT","22508.63","22608.63","22208.63","-1012.0","-0.10","9404.0","12591.0","ABOVE","213","616","100","2062.0","5.59","251.87","375.00","Friday","June","Rango10_Cont"
"2025.06.30","15:34","19:26","SHORT","22613.89","22673.89","22433.89","-6000.0","-1.00","5479.0","3918.0","ABOVE","1271","232","100","2449.0","11.18","88.76","-2900.00","Monday","June","NY_Reversion"
"2025.07.01","09:48","20:30","SHORT","22607.00","22707.00","22307.00","13340.0","1.33","2900.0","20829.0","ABOVE","436","642","100","2825.0","5.47","153.20","300.00","Tuesday","July","Rango10_Cont"
"2025.07.01","16:38","04:21","SHORT","22492.44","22552.44","22312.44","-6006.0","-1.00","5244.0","3911.0","ABOVE","1337","703","100","9795.0","14.18","153.20","-10754.00","Tuesday","July","NY_Reversion"
"2025.07.03","10:02","13:30","SHORT","22641.50","22741.50","22341.50","-10001.0","-1.00","8875.0","1100.0","ABOVE","378","208","100","2462.0","6.30","278.87","238.00","Thursday","July","Rango10_Cont"
"2025.07.03","15:32","10:54","SHORT","22878.69","22938.69","22698.69","18005.0","3.00","1917.0","17381.0","ABOVE","1201","1162","100","1974.0","9.23","278.87","-2117.00","Thursday","July","NY_Reversion"
"2025.07.04","15:36","22:01","SHORT","22730.13","22790.13","22550.13","-6712.0","-1.12","4487.0","3175.0","ABOVE","238","3265","100","2125.0","6.24","281.50","-2163.00","Friday","July","NY_Reversion"
"2025.07.07","15:32","13:30","SHORT","22726.88","22786.88","22546.88","-6001.0","-1.00","5900.0","13649.0","ABOVE","1392","2758","100","2357.0","11.06","80.50","-2700.00","Monday","July","NY_Reversion"
"2025.07.08","09:52","20:30","SHORT","22725.88","22825.88","22425.88","1508.0","0.15","3737.0","7612.0","ABOVE","437","638","100","2462.0","5.71","218.24","850.00","Tuesday","July","Rango10_Cont"
"2025.07.08","16:02","13:30","SHORT","22713.13","22773.13","22533.13","-7376.0","-1.23","5900.0","7075.0","ABOVE","1114","1288","100","5384.0","8.78","218.24","-5543.00","Tuesday","July","NY_Reversion"
"2025.07.09","16:48","20:00","SHORT","22805.36","22865.36","22625.36","-6006.0","-1.00","5518.0","3039.0","ABOVE","888","192","100","6658.0","9.17","131.57","-7510.00","Wednesday","July","NY_Reversion"
"2025.07.10","15:40","07:17","SHORT","22817.46","22877.46","22637.46","18001.0","3.00","4992.0","17496.0","ABOVE","973","5257","100","6049.0","11.84","267.12","-6352.00","Thursday","July","NY_Reversion"
"2025.07.11","09:56","14:14","SHORT","22700.13","22800.13","22400.13","-10003.0","-1.00","9362.0","2250.0","BELOW","488","258","100","2887.0","8.11","188.63","300.00","Friday","July","Rango10_Cont"
"2025.07.11","15:36","07:17","SHORT","22786.24","22846.24","22606.24","14879.0","2.48","1965.0","17496.0","ABOVE","1356","3821","100","5688.0","16.26","188.63","-5743.00","Friday","July","NY_Reversion"
"2025.07.14","16:10","01:45","SHORT","22846.08","22906.08","22666.08","-6001.0","-1.00","3737.0","2200.0","ABOVE","998","575","100","2562.0","9.08","71.38","-2958.00","Monday","July","NY_Reversion"
"2025.07.15","09:38","19:57","LONG","23000.08","22900.08","23300.08","-10000.0","-1.00","9086.0","3962.0","ABOVE","285","619","100","2250.0","4.20","260.14","400.00","Tuesday","July","Rango10_Cont"
"2025.07.15","15:50","22:33","SHORT","22999.38","23059.38","22819.38","18004.0","3.00","157.0","16676.0","ABOVE","1324","403","100","4867.0","10.74","260.14","-5147.00","Tuesday","July","NY_Reversion"
"2025.07.16","10:38","15:21","LONG","22838.88","22738.88","23138.88","-10004.0","-1.00","6781.0","7037.0","ABOVE","300","283","100","2250.0","4.97","242.45","525.00","Wednesday","July","Rango10_Cont"
"2025.07.16","15:36","17:08","LONG","22706.01","22646.01","22886.01","18001.0","3.00","1481.0","17266.0","BELOW","1989","92","100","14452.0","40.21","242.45","-16759.00","Wednesday","July","NY_Reversion"
"2025.07.17","10:50","14:49","SHORT","22926.73","23026.73","22626.73","-10004.0","-1.00","8812.0","1938.0","ABOVE","347","239","100","2275.0","5.22","261.00","825.00","Thursday","July","Rango10_Cont"
"2025.07.17","15:42","05:30","SHORT","23071.84","23131.84","22891.84","-6010.0","-1.00","5879.0","651.0","ABOVE","1305","828","100","2262.0","9.43","261.00","-2536.00","Thursday","July","NY_Reversion"
"2025.07.18","15:32","06:10","SHORT","23064.63","23124.63","22884.63","-6001.0","-1.00","5687.0","5138.0","ABOVE","1248","3758","100","2162.0","10.11","272.40","-2725.00","Friday","July","NY_Reversion"
"2025.07.21","15:36","13:49","SHORT","23242.35","23302.35","23062.35","18000.0","3.00","2114.0","17110.0","ABOVE","862","1333","100","1673.0","6.76","57.88","-1856.00","Monday","July","NY_Reversion"
"2025.07.22","15:38","15:54","SHORT","23076.37","23136.37","22896.37","-6004.0","-1.00","5376.0","7799.0","ABOVE","1523","1456","100","2830.0","11.96","198.25","-3665.00","Tuesday","July","NY_Reversion"
"2025.07.23","11:04","20:02","SHORT","23107.00","23207.00","22807.00","-10027.0","-1.00","6437.0","10862.0","ABOVE","302","538","100","2262.0","3.98","257.25","200.00","Wednesday","July","Rango10_Cont"
"2025.07.23","15:50","15:54","SHORT","23063.64","23123.64","22883.64","-7277.0","-1.21","159.0","1173.0","ABOVE","861","4","100","2506.0","8.41","257.25","-2847.00","Wednesday","July","NY_Reversion"
"2025.07.24","15:38","22:01","LONG","23225.13","23165.13","23405.13","18002.0","3.00","2892.0","16837.0","ABOVE","1186","4703","100","2350.0","7.46","266.73","-2404.00","Thursday","July","NY_Reversion"
"2025.07.25","16:08","22:01","SHORT","23281.90","23341.90","23101.90","-12325.0","-2.05","0.0","16837.0","ABOVE","748","3233","100","1954.0","5.73","123.62","-2303.00","Friday","July","NY_Reversion"
"2025.07.28","15:56","06:02","SHORT","23356.25","23416.25","23176.25","-6000.0","-1.00","5875.0","5218.0","ABOVE","261","846","100","5817.0","6.61","50.38","-5903.00","Monday","July","NY_Reversion"
"2025.07.29","15:32","19:00","LONG","23316.91","23256.91","23496.91","-6034.0","-1.01","4295.0","12963.0","ABOVE","414","1648","100","6390.0","14.03","144.03","-6598.00","Tuesday","July","NY_Reversion"
"2025.07.30","15:52","19:00","SHORT","23368.69","23428.69","23188.69","11212.0","1.87","4295.0","12963.0","ABOVE","253","188","100","2838.0","8.08","230.87","-3054.00","Wednesday","July","NY_Reversion"
"2025.07.31","15:32","16:24","SHORT","23412.40","23472.40","23232.40","-6000.0","-1.00","5854.0","0.0","ABOVE","2302","52","100","5602.0","21.31","383.94","-6350.00","Thursday","July","NY_Reversion"
"2025.08.01","10:08","20:30","SHORT","22959.63","23059.63","22659.63","19295.0","1.93","7225.0","27313.0","BELOW","779","622","100","4737.0","11.62","595.40","475.00","Friday","August","Rango10_Cont"
"2025.08.01","15:42","16:06","SHORT","22849.52","22909.52","22669.52","-6002.0","-1.00","5225.0","0.0","BELOW","2640","24","100","5675.0","20.32","595.40","-7315.00","Friday","August","NY_Reversion"
"2025.08.05","15:36","22:09","LONG","23013.57","22953.57","23193.57","-6011.0","-1.00","5207.0","11975.0","BELOW","2935","393","100","6237.0","24.26","444.50","-9303.00","Tuesday","August","NY_Reversion"
"2025.08.06","09:32","14:02","SHORT","23038.50","23138.50","22738.50","-10000.0","-1.00","7875.0","3662.0","BELOW","479","270","100","3200.0","7.45","352.63","38.00","Wednesday","August","Rango10_Cont"
"2025.08.06","15:32","18:06","SHORT","23226.80","23286.80","23046.80","-6001.0","-1.00","5776.0","1652.0","BELOW","1652","154","100","4887.0","15.12","352.63","-5506.00","Wednesday","August","NY_Reversion"
"2025.08.07","15:50","16:42","LONG","23374.58","23314.58","23554.58","-6001.0","-1.00","5321.0","4015.0","ABOVE","2252","52","100","5928.0","19.19","430.76","-7620.00","Thursday","August","NY_Reversion"
"2025.08.08","11:22","20:30","LONG","23479.82","23379.82","23779.82","16743.0","1.67","5612.0","16943.0","ABOVE","143","548","100","2625.0","4.74","340.03","300.00","Friday","August","Rango10_Cont"
"2025.08.08","15:32","19:54","LONG","23555.70","23495.70","23735.70","-6000.0","-1.00","5640.0","14223.0","ABOVE","1802","4582","100","2021.0","12.14","340.03","-2445.00","Friday","August","NY_Reversion"
"2025.08.11","09:32","19:51","LONG","23621.63","23521.63","23921.63","-10000.0","-1.00","8797.0","7630.0","ABOVE","271","619","100","2413.0","4.54","62.63","400.00","Monday","August","Rango10_Cont"
"2025.08.11","15:40","19:54","LONG","23621.13","23561.13","23801.13","-12543.0","-2.09","5640.0","14223.0","ABOVE","1170","254","100","1974.0","9.59","62.63","-2727.00","Monday","August","NY_Reversion"
"2025.08.13","15:44","15:40","SHORT","23856.23","23916.23","23676.23","18000.0","3.00","5105.0","17578.0","ABOVE","1410","2876","100","5750.0","14.28","372.38","-6423.00","Wednesday","August","NY_Reversion"
"2025.08.19","10:02","16:45","SHORT","23692.40","23792.40","23392.40","30006.0","3.00","1133.0","28764.0","ABOVE","785","403","70","2313.0","4.48","161.12","475.00","Tuesday","August","Rango10_Cont"
"2025.08.20","09:50","13:44","LONG","23356.73","23256.73","23656.73","-10001.0","-1.00","9448.0","1080.0","BELOW","200","234","70","2700.0","4.76","386.75","245.00","Wednesday","August","Rango10_Cont"
"2025.08.20","15:32","16:26","SHORT","23152.48","23212.48","22972.48","-6003.0","-1.00","4945.0","6498.0","BELOW","2614","54","70","10719.0","18.90","386.75","-10970.00","Wednesday","August","NY_Reversion"
"2025.08.21","09:46","12:18","LONG","23247.73","23147.73","23547.73","-10001.0","-1.00","9348.0","80.0","BELOW","303","152","70","3175.0","5.09","415.65","495.00","Thursday","August","Rango10_Cont"
"2025.08.21","15:34","06:41","SHORT","23210.84","23270.84","23030.84","18006.0","3.00","70.0","16505.0","BELOW","2230","907","70","8167.0","22.45","415.65","-8355.00","Thursday","August","NY_Reversion"
"2025.08.22","10:02","14:08","LONG","23184.20","23084.20","23484.20","30000.0","3.00","2980.0","26955.0","BELOW","362","246","70","2075.0","6.04","248.65","395.00","Friday","August","Rango10_Cont"
"2025.08.25","10:26","15:05","SHORT","23414.90","23514.90","23114.90","-10000.0","-1.00","9788.0","3542.0","BELOW","293","279","70","2603.0","3.55","44.00","260.00","Monday","August","Rango10_Cont"
"2025.08.25","15:32","00:03","SHORT","23537.43","23597.43","23357.43","18041.0","3.01","738.0","11098.0","BELOW","1303","511","70","2141.0","9.53","44.00","-2470.00","Monday","August","NY_Reversion"
"2025.08.26","09:36","20:30","LONG","23414.73","23314.73","23714.73","12367.0","1.24","3658.0","12623.0","BELOW","272","654","70","2650.0","4.48","172.76","108.00","Tuesday","August","Rango10_Cont"
"2025.08.26","15:50","20:21","LONG","23441.31","23381.31","23621.31","-6006.0","-1.00","1452.0","15069.0","BELOW","1185","1711","70","3097.0","10.92","172.76","-3100.00","Tuesday","August","NY_Reversion"
"2025.08.27","15:48","20:21","SHORT","23553.44","23613.44","23373.44","17219.0","2.87","0.0","15069.0","ABOVE","1025","273","70","2090.0","10.89","252.00","-2759.00","Wednesday","August","NY_Reversion"
"2025.08.28","16:30","13:46","SHORT","23691.73","23751.73","23511.73","18001.0","3.00","4301.0","17775.0","ABOVE","1406","1276","70","8669.0","11.11","232.92","-8648.00","Thursday","August","NY_Reversion"
"2025.09.01","15:34","07:49","SHORT","23458.65","23518.65","23278.65","18002.0","3.00","105.0","17192.0","ABOVE","167","975","70","1613.0","4.22","81.28","-1825.00","Monday","September","NY_Reversion"
"2025.09.02","09:50","20:30","SHORT","23253.65","23353.65","22953.65","-7439.0","-0.74","8496.0","27011.0","BELOW","419","640","70","3175.0","7.61","181.40","150.00","Tuesday","September","Rango10_Cont"
"2025.09.03","09:38","18:24","LONG","23390.98","23290.98","23690.98","-10000.0","-1.00","9482.0","8765.0","BELOW","351","526","70","3100.0","5.82","458.75","358.00","Wednesday","September","Rango10_Cont"
"2025.09.03","15:32","17:45","LONG","23367.78","23307.78","23547.78","-6005.0","-1.00","2730.0","5222.0","BELOW","2962","133","70","7848.0","15.90","458.75","-8800.00","Wednesday","September","NY_Reversion"
"2025.09.04","16:50","18:41","SHORT","23516.25","23576.25","23336.25","-6005.0","-1.00","5444.0","1967.0","ABOVE","1233","111","70","6216.0","10.13","222.91","-6622.00","Thursday","September","NY_Reversion"
"2025.09.05","15:36","22:30","SHORT","23607.90","23667.90","23427.90","-6011.0","-1.00","5555.0","5346.0","ABOVE","3100","3294","70","7885.0","26.52","310.13","-8625.00","Friday","September","NY_Reversion"
"2025.09.09","15:36","06:42","LONG","23735.76","23675.76","23915.76","18009.0","3.00","938.0","17927.0","ABOVE","1676","906","70","1650.0","10.16","158.07","-2144.00","Tuesday","September","NY_Reversion"
"2025.09.10","16:20","18:19","LONG","23889.88","23829.88","24069.88","-6007.0","-1.00","4227.0","945.0","ABOVE","1200","119","70","5034.0","10.11","194.43","-5206.00","Wednesday","September","NY_Reversion"
"2025.09.12","16:04","13:57","LONG","24057.45","23997.45","24237.45","18000.0","3.00","208.0","17395.0","ABOVE","1177","4193","70","2597.0","7.79","183.96","-2802.00","Friday","September","NY_Reversion"
"2025.09.15","15:40","02:30","SHORT","24249.52","24309.52","24069.52","-6002.0","-1.00","5775.0","1885.0","ABOVE","1024","650","70","2365.0","7.89","29.50","-2604.00","Monday","September","NY_Reversion"
"2025.09.16","15:34","14:02","LONG","24259.51","24199.51","24439.51","-6001.0","-1.00","4948.0","4395.0","ABOVE","979","1348","70","2477.0","8.96","238.73","-2610.00","Tuesday","September","NY_Reversion"
"2025.09.18","10:32","14:31","SHORT","24452.53","24552.53","24152.53","-10000.0","-1.00","8445.0","8918.0","ABOVE","313","239","70","2387.0","4.74","343.96","575.00","Thursday","September","Rango10_Cont"
"2025.09.18","15:48","19:46","LONG","24512.98","24452.98","24692.98","-6000.0","-1.00","5726.0","2511.0","ABOVE","1484","238","70","4975.0","10.87","343.96","-5042.00","Thursday","September","NY_Reversion"
"2025.09.19","09:34","20:30","LONG","24483.98","24383.98","24783.98","13480.0","1.35","2633.0","14392.0","ABOVE","312","656","70","2062.0","4.57","254.15","683.00","Friday","September","Rango10_Cont"
"2025.09.19","15:32","14:28","LONG","24473.10","24413.10","24653.10","18002.0","3.00","70.0","17468.0","ABOVE","2074","4256","70","2937.0","13.28","254.15","-3238.00","Friday","September","NY_Reversion"
"2025.09.22","10:12","20:30","LONG","24545.35","24445.35","24845.35","19864.0","1.99","2695.0","23378.0","ABOVE","288","618","70","3163.0","4.88","39.35","257.00","Monday","September","Rango10_Cont"
"2025.09.22","16:08","16:40","SHORT","24683.28","24743.28","24503.28","-6001.0","-1.00","5707.0","0.0","ABOVE","1813","32","70","1888.0","8.64","39.35","-2288.00","Monday","September","NY_Reversion"
"2025.09.23","15:40","17:26","LONG","24701.39","24641.39","24881.39","-6003.0","-1.00","5825.0","1284.0","ABOVE","1351","106","70","2020.0","8.40","282.31","-2448.00","Tuesday","September","NY_Reversion"
"2025.09.25","09:42","20:30","SHORT","24474.05","24574.05","24174.05","8437.0","0.84","183.0","28080.0","ABOVE","381","648","70","2450.0","6.01","284.20","225.00","Thursday","September","Rango10_Cont"
"2025.09.25","15:38","18:02","SHORT","24421.68","24481.68","24241.68","18004.0","3.00","3821.0","16734.0","BELOW","2476","144","70","6623.0","18.54","284.20","-6804.00","Thursday","September","NY_Reversion"
"2025.09.26","16:22","18:24","SHORT","24428.45","24488.45","24248.45","-6001.0","-1.00","5461.0","1119.0","BELOW","2253","122","50","8553.0","16.80","369.50","-10696.00","Friday","September","NY_Reversion"
"2025.10.01","11:16","20:30","LONG","24551.09","24451.09","24851.09","23276.0","2.33","3488.0","26392.0","BELOW","711","554","50","5287.0","7.65","189.34","560.00","Wednesday","October","Rango10_Cont"
"2025.10.01","15:32","17:02","SHORT","24686.38","24746.38","24506.38","-6001.0","-1.00","5635.0","0.0","ABOVE","1640","90","50","2639.0","11.43","189.34","-2866.00","Wednesday","October","NY_Reversion"
"2025.10.02","09:32","20:30","SHORT","24875.36","24975.36","24575.36","-2095.0","-0.21","8520.0","8815.0","ABOVE","666","658","50","2203.0","6.30","403.63","470.00","Thursday","October","Rango10_Cont"
"2025.10.02","15:38","05:06","LONG","24787.21","24727.21","24967.21","18002.0","3.00","50.0","17545.0","ABOVE","5542","808","50","3048.0","14.36","403.63","-4778.00","Thursday","October","NY_Reversion"
"2025.10.03","15:40","17:03","LONG","24907.44","24847.44","25087.44","-6002.0","-1.00","3319.0","2977.0","ABOVE","3649","83","50","2180.0","9.53","185.86","-2180.00","Friday","October","NY_Reversion"
"2025.10.06","09:32","20:30","LONG","24920.02","24820.02","25220.02","5063.0","0.51","482.0","12120.0","ABOVE","772","658","60","2272.0","5.15","75.66","132.00","Monday","October","Rango10_Cont"
"2025.10.06","15:42","18:25","SHORT","24968.94","25028.94","24788.94","-6000.0","-1.00","5850.0","0.0","ABOVE","3418","163","50","2220.0","9.25","75.66","-2289.00","Monday","October","NY_Reversion"
"2025.10.07","09:40","15:06","LONG","24983.51","24883.51","25283.51","-10000.0","-1.00","7528.0","8316.0","ABOVE","672","326","60","2024.0","4.23","206.82","184.00","Tuesday","October","Rango10_Cont"
"2025.10.07","15:32","15:48","LONG","24849.78","24789.78","25029.78","-6000.0","-1.00","5703.0","197.0","ABOVE","6820","16","50","6016.0","30.47","206.82","-6864.00","Tuesday","October","NY_Reversion"
"2025.10.08","10:12","13:48","SHORT","24862.23","24962.23","24562.23","-10001.0","-1.00","8929.0","1572.0","ABOVE","1546","216","60","2478.0","5.93","289.75","969.00","Wednesday","October","Rango10_Cont"
"2025.10.08","15:52","19:27","SHORT","25052.67","25112.67","24872.67","-6000.0","-1.00","5758.0","1565.0","ABOVE","3761","215","50","4582.0","8.33","289.75","-5346.00","Wednesday","October","NY_Reversion"
"2025.10.09","09:34","14:31","LONG","25126.54","25026.54","25426.54","-10000.0","-1.00","7583.0","1015.0","ABOVE","762","297","60","3043.0","5.02","367.41","172.00","Thursday","October","Rango10_Cont"
"2025.10.09","15:32","17:35","LONG","25020.59","24960.59","25200.59","-6000.0","-1.00","4710.0","4907.0","ABOVE","4657","123","50","5081.0","13.23","367.41","-5174.00","Thursday","October","NY_Reversion"
"2025.10.10","09:42","13:47","SHORT","25094.66","25194.66","24794.66","-10000.0","-1.00","9687.0","3490.0","ABOVE","1336","245","60","4846.0","7.39","219.22","231.00","Friday","October","Rango10_Cont"
"2025.10.10","15:32","15:32","LONG","24589.31","24529.31","24769.31","-6003.0","-1.00","50.0","0.0","BELOW","7131","0","50","27903.0","71.98","219.22","-30195.00","Friday","October","NY_Reversion"
"2025.10.13","09:36","16:58","SHORT","24677.67","24777.67","24377.67","-10001.0","-1.00","9455.0","12230.0","BELOW","1288","442","60","2721.0","9.15","179.02","47.00","Monday","October","Rango10_Cont"
"2025.10.13","15:32","16:58","SHORT","24717.05","24777.05","24537.05","-6000.0","-1.00","5517.0","3533.0","BELOW","5254","86","50","6154.0","19.52","179.02","-6784.00","Monday","October","NY_Reversion"
"2025.10.14","09:34","15:05","SHORT","24476.67","24576.67","24176.67","-10002.0","-1.00","7656.0","21978.0","BELOW","1826","331","60","5103.0","13.66","237.53","350.00","Tuesday","October","Rango10_Cont"
"2025.10.14","15:36","15:47","SHORT","24559.00","24619.00","24379.00","-6000.0","-1.00","5073.0","2669.0","BELOW","5198","11","50","4688.0","20.02","237.53","-5636.00","Tuesday","October","NY_Reversion"
"2025.10.16","09:50","16:00","LONG","24865.30","24765.30","25165.30","-10002.0","-1.00","7259.0","13034.0","ABOVE","922","370","60","2657.0","9.85","451.05","364.00","Thursday","October","Rango10_Cont"
"2025.10.16","15:32","15:56","LONG","24840.88","24780.88","25020.88","-6000.0","-1.00","4817.0","4985.0","BELOW","6550","24","50","10834.0","23.90","451.05","-10833.00","Thursday","October","NY_Reversion"
"2025.10.17","10:58","13:55","LONG","24392.27","24292.27","24692.27","30001.0","3.00","60.0","27946.0","BELOW","2059","177","60","7643.0","20.63","535.95","154.00","Friday","October","Rango10_Cont"
"2025.10.17","15:36","16:00","LONG","24526.27","24466.27","24706.27","18002.0","3.00","50.0","16990.0","BELOW","5835","24","50","9049.0","34.60","535.95","-9450.00","Friday","October","NY_Reversion"
"2025.10.21","09:32","20:30","LONG","25124.26","25024.26","25424.26","-3456.0","-0.35","7253.0","4745.0","ABOVE","664","658","60","2371.0","6.21","396.80","300.00","Tuesday","October","Rango10_Cont"
"2025.10.21","15:46","14:30","SHORT","25125.25","25185.25","24945.25","18038.0","3.01","4696.0","16351.0","ABOVE","3780","1364","50","4862.0","14.63","396.80","-5104.00","Tuesday","October","NY_Reversion"
"2025.10.22","15:32","16:30","LONG","24855.25","24795.25","25035.25","-6119.0","-1.02","50.0","10198.0","ABOVE","466","58","50","12752.0","27.21","164.47","-13250.00","Wednesday","October","NY_Reversion"
"2025.10.23","11:06","13:48","SHORT","24867.99","24967.99","24567.99","-10002.0","-1.00","9403.0","8274.0","ABOVE","352","162","60","6179.0","9.34","532.49","592.00","Thursday","October","Rango10_Cont"
"2025.10.24","09:32","20:30","LONG","25235.86","25135.86","25535.86","12615.0","1.26","1871.0","17311.0","ABOVE","144","658","1","2865.0","4.57","370.36","201.00","Friday","October","Rango10_Cont"
"2025.10.24","16:52","22:01","SHORT","25400.17","25460.17","25220.17","-17734.0","-2.96","881.0","4965.0","ABOVE","403","3189","1","4770.0","10.08","370.36","-5177.00","Friday","October","NY_Reversion"
"2025.10.27","15:32","19:50","SHORT","25753.31","25813.31","25573.31","-6010.0","-1.00","4970.0","880.0","ABOVE","336","258","1","2601.0","9.05","51.53","-2680.00","Monday","October","NY_Reversion"
"2025.10.28","15:34","19:26","LONG","25886.53","25826.53","26066.53","18023.0","3.00","1054.0","17597.0","ABOVE","405","232","1","1701.0","9.10","311.03","-1748.00","Tuesday","October","NY_Reversion"
"2025.10.30","09:44","19:21","SHORT","26067.51","26167.51","25767.51","30005.0","3.00","7399.0","28750.0","ABOVE","351","577","1","7051.0","11.33","328.64","899.00","Thursday","October","Rango10_Cont"
"2025.10.30","15:34","15:47","LONG","25885.49","25825.49","26065.49","-6009.0","-1.00","4899.0","799.0","ABOVE","446","13","1","3060.0","17.14","328.64","-4662.00","Thursday","October","NY_Reversion"
"2025.10.31","09:40","20:30","SHORT","26040.89","26140.89","25740.89","20599.0","2.06","8710.0","28545.0","ABOVE","259","650","1","2202.0","5.95","544.53","461.00","Friday","October","Rango10_Cont"
"2025.10.31","15:38","16:00","LONG","25958.02","25898.02","26138.02","-6016.0","-1.00","4744.0","3700.0","ABOVE","427","22","1","5073.0","15.34","544.53","-8199.00","Friday","October","NY_Reversion"
"2025.11.03","09:32","15:26","LONG","26018.44","25918.44","26318.44","-10001.0","-1.00","8337.0","10086.0","ABOVE","331","354","1","6539.0","6.98","62.41","476.00","Monday","November","Rango10_Cont"
"2025.11.03","16:58","03:40","SHORT","25979.82","26039.82","25799.82","18020.0","3.00","4808.0","17174.0","ABOVE","466","642","1","5657.0","18.28","62.41","-6750.00","Monday","November","NY_Reversion"
"2025.11.04","09:46","14:51","SHORT","25586.02","25686.02","25286.02","-10038.0","-1.00","7288.0","6128.0","BELOW","379","305","1","6683.0","16.96","248.65","498.00","Tuesday","November","Rango10_Cont"
"2025.11.04","16:44","18:27","SHORT","25663.37","25723.37","25483.37","18017.0","3.00","1.0","17314.0","BELOW","470","103","1","4967.0","21.20","248.65","-5527.00","Tuesday","November","NY_Reversion"
"2025.11.05","09:32","14:47","SHORT","25369.36","25469.36","25069.36","-10015.0","-1.00","9540.0","8529.0","BELOW","312","315","1","5095.0","12.91","564.22","235.00","Wednesday","November","Rango10_Cont"
"2025.11.05","16:44","17:38","SHORT","25631.36","25691.36","25451.36","-6002.0","-1.00","5771.0","861.0","BELOW","455","54","1","8790.0","17.85","564.22","-10201.00","Wednesday","November","NY_Reversion"
"2025.11.06","09:32","14:31","LONG","25615.45","25515.45","25915.45","-10038.0","-1.00","6810.0","7741.0","BELOW","292","299","1","6760.0","7.57","593.80","149.00","Thursday","November","Rango10_Cont"
"2025.11.06","16:36","19:29","LONG","25126.08","25066.08","25306.08","18012.0","3.00","3534.0","15886.0","BELOW","473","173","1","8319.0","33.30","593.80","-10957.00","Thursday","November","NY_Reversion"
"2025.11.07","09:32","14:37","SHORT","25146.13","25246.13","24846.13","30052.0","3.01","650.0","23598.0","BELOW","312","305","1","5578.0","12.46","622.61","472.00","Friday","November","Rango10_Cont"
"2025.11.07","16:42","18:39","LONG","24638.63","24578.63","24818.63","18016.0","3.00","4925.0","17262.0","BELOW","452","117","1","7199.0","23.71","622.61","-8312.00","Friday","November","NY_Reversion"
"2025.11.10","11:10","14:39","SHORT","25407.50","25507.50","25107.50","-10009.0","-1.00","8438.0","838.0","BELOW","204","209","1","5010.0","8.45","74.74","164.00","Monday","November","Rango10_Cont"
"2025.11.10","16:42","18:16","LONG","25365.87","25305.87","25545.87","18012.0","3.00","1275.0","17650.0","BELOW","452","94","1","4976.0","23.72","74.74","-5249.00","Monday","November","NY_Reversion"
"2025.11.11","09:36","20:30","SHORT","25517.86","25617.86","25217.86","-3690.0","-0.37","6729.0","13161.0","BELOW","276","654","1","3098.0","9.37","490.75","202.00","Tuesday","November","Rango10_Cont"
"2025.11.11","16:32","18:57","LONG","25404.14","25344.14","25584.14","18002.0","3.00","1.0","17313.0","BELOW","453","145","1","8237.0","22.79","490.75","-8299.00","Tuesday","November","NY_Reversion"
"2025.11.12","16:32","01:07","SHORT","25488.37","25548.37","25308.37","-6015.0","-1.00","5377.0","8724.0","BELOW","453","515","1","9026.0","21.39","287.76","-9750.00","Wednesday","November","NY_Reversion"
"2025.11.13","09:38","15:48","SHORT","25423.12","25523.12","25123.12","30014.0","3.00","9202.0","29623.0","BELOW","347","370","1","13040.0","15.72","340.76","2050.00","Thursday","November","Rango10_Cont"
"2025.11.13","16:42","18:10","LONG","25069.40","25009.40","25249.40","-6005.0","-1.00","5027.0","7023.0","BELOW","467","88","1","7224.0","30.69","340.76","-7471.00","Thursday","November","NY_Reversion"
"2025.11.14","09:32","13:43","SHORT","24858.74","24958.74","24558.74","30023.0","3.00","3314.0","28860.0","BELOW","377","251","1","6051.0","15.47","718.04","1487.00","Friday","November","Rango10_Cont"
"2025.11.14","17:12","18:41","SHORT","25188.62","25248.62","25008.62","18017.0","3.00","1.0","16750.0","BELOW","454","89","1","15089.0","21.94","718.04","-17424.00","Friday","November","NY_Reversion"
"2025.11.17","09:36","14:30","SHORT","25192.25","25292.25","24892.25","30015.0","3.00","903.0","28498.0","BELOW","316","294","1","6051.0","11.79","165.01","1749.00","Monday","November","Rango10_Cont"
"2025.11.17","16:32","16:47","SHORT","25005.62","25065.62","24825.62","-6000.0","-1.00","4865.0","536.0","BELOW","506","15","1","12537.0","28.09","165.01","-15024.00","Monday","November","NY_Reversion"
"2025.11.18","09:38","15:02","SHORT","24695.00","24795.00","24395.00","30001.0","3.00","6076.0","28136.0","BELOW","328","324","1","7826.0","17.11","627.39","126.00","Tuesday","November","Rango10_Cont"
"2025.11.18","16:34","17:53","SHORT","24587.62","24647.62","24407.62","-6017.0","-1.00","4902.0","16324.0","BELOW","533","79","1","17674.0","38.25","627.39","-18336.00","Tuesday","November","NY_Reversion"
"2025.11.19","09:32","15:11","LONG","24562.87","24462.87","24862.87","30011.0","3.00","5200.0","28252.0","BELOW","289","339","1","6650.0","13.40","577.88","1011.00","Wednesday","November","Rango10_Cont"
"2025.11.19","17:04","17:26","LONG","24569.15","24509.15","24749.15","-6018.0","-1.00","3841.0","0.0","BELOW","523","22","1","9201.0","32.21","577.88","-10309.00","Wednesday","November","NY_Reversion"
"2025.11.20","09:46","13:03","SHORT","24987.75","25087.75","24687.75","-10012.0","-1.00","9102.0","4250.0","BELOW","261","197","1","6953.0","13.68","662.87","249.00","Thursday","November","Rango10_Cont"
"2025.11.20","16:32","16:37","LONG","24789.15","24729.15","24969.15","-6023.0","-1.00","2977.0","572.0","BELOW","554","5","1","15964.0","48.69","662.87","-17260.00","Thursday","November","NY_Reversion"
"2025.11.21","09:40","12:45","SHORT","24014.25","24114.25","23714.25","-10039.0","-1.00","8665.0","18447.0","BELOW","364","185","1","10864.0","21.67","1286.25","1237.00","Friday","November","Rango10_Cont"
"2025.11.21","16:34","16:48","SHORT","24104.24","24164.24","23924.24","-6018.0","-1.00","3440.0","48.0","BELOW","545","14","1","18463.0","46.50","1286.25","-19412.00","Friday","November","NY_Reversion"
"2025.11.25","16:44","17:11","SHORT","24800.12","24860.12","24620.12","-6009.0","-1.00","5814.0","3084.0","ABOVE","447","27","1","10651.0","22.88","630.90","-10776.00","Tuesday","November","NY_Reversion"
"2025.11.26","16:36","14:34","SHORT","25268.76","25328.76","25088.76","-6000.0","-1.00","5450.0","5127.0","ABOVE","375","2758","1","4852.0","12.18","532.00","-5251.00","Wednesday","November","NY_Reversion"
"2025.11.28","17:08","18:03","SHORT","25369.50","25429.50","25189.50","-6011.0","-1.00","5178.0","3398.0","ABOVE","357","55","1","6751.0","12.67","52.51","-6725.00","Friday","November","NY_Reversion"
"2025.12.01","16:32","17:05","SHORT","25337.87","25397.87","25157.87","-6009.0","-1.00","5139.0","661.0","ABOVE","438","33","1","6615.0","23.25","80.13","-7425.00","Monday","December","NY_Reversion"
"2025.12.02","10:08","20:30","LONG","25398.75","25298.75","25698.75","18050.0","1.81","3187.0","20900.0","ABOVE","165","622","1","3115.0","6.57","302.49","198.00","Tuesday","December","Rango10_Cont"
"2025.12.02","16:32","17:20","LONG","25366.89","25306.89","25546.89","18001.0","3.00","1.0","17337.0","ABOVE","531","48","1","10939.0","31.66","302.49","-13212.00","Tuesday","December","NY_Reversion"
"2025.12.03","16:32","18:43","SHORT","25542.24","25602.24","25362.24","-6017.0","-1.00","5502.0","5599.0","ABOVE","442","131","1","5215.0","23.14","344.48","-5788.00","Wednesday","December","NY_Reversion"
"2025.12.04","16:48","01:00","SHORT","25552.26","25612.26","25372.26","-6000.0","-1.00","5400.0","10440.0","ABOVE","434","492","1","5853.0","16.74","263.49","-6402.00","Thursday","December","NY_Reversion"
"2025.12.05","09:40","15:02","SHORT","25663.77","25763.77","25363.77","-10007.0","-1.00","8300.0","12701.0","ABOVE","124","322","1","2362.0","5.65","243.02","23.00","Friday","December","Rango10_Cont"
"2025.12.05","16:32","14:31","LONG","25612.40","25552.40","25792.40","18009.0","3.00","1.0","17062.0","ABOVE","497","4199","1","5700.0","26.30","243.02","-7985.00","Friday","December","NY_Reversion"
"2025.12.08","10:04","20:30","SHORT","25721.25","25821.25","25421.25","14997.0","1.50","7101.0","19149.0","ABOVE","173","626","1","2473.0","7.08","36.23","552.00","Monday","December","Rango10_Cont"
"2025.12.09","16:42","10:30","LONG","25646.40","25586.40","25826.40","-6021.0","-1.00","4717.0","6286.0","ABOVE","378","1068","1","2277.0","10.84","295.86","-2487.00","Tuesday","December","NY_Reversion"
"2025.12.10","10:08","19:54","SHORT","25669.77","25769.77","25369.77","-10002.0","-1.00","7386.0","15751.0","ABOVE","195","586","1","2751.0","8.34","175.36","98.00","Wednesday","December","Rango10_Cont"
"2025.12.10","16:58","19:00","SHORT","25620.75","25680.75","25440.75","-6151.0","-1.03","2252.0","5100.0","ABOVE","338","122","1","4999.0","12.09","175.36","-5300.00","Wednesday","December","NY_Reversion"
"2025.12.11","09:40","14:49","LONG","25566.76","25466.76","25866.76","-10014.0","-1.00","7138.0","9798.0","ABOVE","221","309","1","6451.0","10.52","336.49","350.00","Thursday","December","Rango10_Cont"
"2025.12.11","16:40","16:46","SHORT","25492.61","25552.61","25312.61","-6005.0","-1.00","4914.0","0.0","BELOW","394","6","1","6750.0","22.89","336.49","-6685.00","Thursday","December","NY_Reversion"
"2025.12.12","09:34","15:58","SHORT","25551.25","25651.25","25251.25","30037.0","3.00","4803.0","26200.0","BELOW","284","384","1","7652.0","12.74","477.36","1349.00","Friday","December","Rango10_Cont"
"2025.12.12","17:06","17:18","SHORT","25199.62","25259.62","25019.62","-6008.0","-1.00","5615.0","0.0","BELOW","481","12","1","9348.0","29.98","477.36","-9136.00","Friday","December","NY_Reversion"
"2025.12.15","09:34","14:57","LONG","25307.77","25207.77","25607.77","-10006.0","-1.00","8152.0","8350.0","BELOW","172","323","1","4813.0","9.17","109.87","340.00","Monday","December","Rango10_Cont"
"2025.12.15","16:38","17:51","LONG","25127.76","25067.76","25307.76","-6021.0","-1.00","3101.0","2823.0","BELOW","489","73","1","11292.0","25.66","109.87","-11351.00","Monday","December","NY_Reversion"
"2025.12.16","16:50","20:09","SHORT","25031.75","25091.75","24851.75","-6025.0","-1.00","5352.0","10198.0","BELOW","452","199","1","6049.0","27.52","379.52","-8701.00","Tuesday","December","NY_Reversion"
"2025.12.17","16:52","19:33","LONG","24729.50","24669.50","24909.50","-6037.0","-1.01","4724.0","9561.0","BELOW","509","161","1","8988.0","29.70","368.53","-11025.00","Wednesday","December","NY_Reversion"
"2025.12.18","16:54","17:11","SHORT","25168.25","25228.25","24988.25","18012.0","3.00","1.0","15961.0","BELOW","412","17","1","5987.0","14.90","619.02","-6437.00","Thursday","December","NY_Reversion"
"2025.12.19","16:32","23:01","SHORT","25304.13","25364.13","25124.13","-10787.0","-1.80","4712.0","4875.0","ABOVE","391","3269","1","2801.0","16.42","509.00","-3189.00","Friday","December","NY_Reversion"
"2025.12.22","09:36","20:30","LONG","25470.76","25370.76","25770.76","-2850.0","-0.29","7065.0","7450.0","ABOVE","153","654","1","3217.0","5.32","43.02","149.00","Monday","December","Rango10_Cont"
"2025.12.22","16:36","13:39","LONG","25451.25","25391.25","25631.25","-6014.0","-1.00","5225.0","4650.0","ABOVE","357","1263","1","2152.0","8.85","43.02","-2301.00","Monday","December","NY_Reversion"
"2025.12.23","09:32","13:39","LONG","25485.52","25385.52","25785.52","-10022.0","-1.00","8652.0","275.0","ABOVE","130","247","1","2951.0","5.40","163.90","476.00","Tuesday","December","Rango10_Cont"
"2025.12.23","16:44","20:57","SHORT","25515.26","25575.26","25335.26","-6006.0","-1.00","5801.0","50.0","ABOVE","220","253","1","2249.0","7.34","163.90","-2300.00","Tuesday","December","NY_Reversion"
"2025.12.24","16:32","01:16","SHORT","25626.25","25686.25","25446.25","-6003.0","-1.00","5601.0","350.0","ABOVE","171","1964","1","1688.0","5.65","217.02","-1788.00","Wednesday","December","NY_Reversion"
"2025.12.26","16:42","13:48","SHORT","25657.77","25717.77","25477.77","18050.0","3.01","1448.0","16052.0","ABOVE","258","4146","1","2798.0","8.40","30.74","-3051.00","Friday","December","NY_Reversion"
"2025.12.29","09:46","20:30","SHORT","25521.75","25621.75","25221.75","-1002.0","-0.10","6301.0","8124.0","ABOVE","127","644","1","2950.0","5.92","34.03","102.00","Monday","December","Rango10_Cont"
"2025.12.30","10:52","20:30","SHORT","25509.27","25609.27","25209.27","2002.0","0.20","6863.0","4290.0","ABOVE","141","578","1","2152.0","4.69","244.49","497.00","Tuesday","December","Rango10_Cont"
"2025.12.31","10:30","20:10","LONG","25372.77","25272.77","25672.77","-10015.0","-1.00","8252.0","12848.0","BELOW","85","580","1","2827.0","5.22","147.38","125.00","Wednesday","December","Rango10_Cont"
"2026.01.02","16:52","05:56","LONG","25116.38","25056.38","25296.38","18023.0","3.00","4963.0","17839.0","BELOW","475","3664","1","7748.0","25.64","53.01","-8486.00","Friday","January","NY_Reversion"
"2026.01.05","16:32","14:56","SHORT","25498.75","25558.75","25318.75","-6028.0","-1.00","4763.0","16199.0","ABOVE","363","1344","1","2153.0","11.18","55.62","-2501.00","Monday","January","NY_Reversion"
"2026.01.06","09:50","20:30","LONG","25395.76","25295.76","25695.76","22149.0","2.21","1203.0","23198.0","BELOW","193","640","1","3002.0","6.55","271.38","49.00","Tuesday","January","Rango10_Cont"
"2026.01.06","17:08","17:38","SHORT","25521.23","25581.23","25341.23","-6017.0","-1.00","5454.0","497.0","ABOVE","382","30","1","4799.0","15.23","271.38","-5348.00","Tuesday","January","NY_Reversion"
"2026.01.07","10:14","20:30","LONG","25569.75","25469.75","25869.75","10052.0","1.01","2900.0","23250.0","ABOVE","150","616","1","3149.0","4.32","318.77","149.00","Wednesday","January","Rango10_Cont"
"2026.01.07","16:44","05:32","SHORT","25750.88","25810.88","25570.88","18006.0","3.00","5138.0","17714.0","ABOVE","324","768","1","4864.0","11.59","318.77","-6126.00","Wednesday","January","NY_Reversion"
"2026.01.08","16:36","13:30","LONG","25418.37","25358.37","25598.37","18013.0","3.00","212.0","16639.0","BELOW","444","1254","1","5412.0","21.21","269.00","-6800.00","Thursday","January","NY_Reversion"
"2026.01.12","16:48","01:36","LONG","25751.76","25691.76","25931.76","-6010.0","-1.00","5550.0","9199.0","ABOVE","331","528","1","2998.0","10.21","50.27","-3397.00","Monday","January","NY_Reversion"
"2026.01.13","09:44","13:30","SHORT","25727.26","25827.26","25427.26","-10019.0","-1.00","2076.0","2500.0","ABOVE","183","226","1","2911.0","5.57","385.49","1037.00","Tuesday","January","Rango10_Cont"
"2026.01.13","16:32","16:47","SHORT","25758.64","25818.64","25578.64","-6008.0","-1.00","5012.0","0.0","ABOVE","467","15","1","7400.0","18.04","385.49","-7878.00","Tuesday","January","NY_Reversion"
"2026.01.14","09:44","15:00","SHORT","25685.75","25785.75","25385.75","30013.0","3.00","203.0","26597.0","ABOVE","205","316","1","2361.0","5.83","241.73","300.00","Wednesday","January","Rango10_Cont"
"2026.01.14","16:48","18:37","LONG","25319.77","25259.77","25499.77","-6030.0","-1.01","4801.0","1473.0","BELOW","449","109","1","9864.0","22.26","241.73","-10350.00","Wednesday","January","NY_Reversion"
"2026.01.15","09:34","20:19","LONG","25650.27","25550.27","25950.27","-10034.0","-1.00","8165.0","13049.0","ABOVE","171","645","1","7474.0","10.12","504.03","401.00","Thursday","January","Rango10_Cont"
"2026.01.16","10:28","14:59","LONG","25676.01","25576.01","25976.01","-10042.0","-1.00","9325.0","3150.0","ABOVE","97","271","1","3028.0","5.81","389.01","49.00","Friday","January","Rango10_Cont"
"2026.01.19","09:38","16:15","SHORT","25117.73","25217.73","24817.73","-10002.0","-1.00","8953.0","3996.0","BELOW","388","397","1","9651.0","20.08","63.01","1953.00","Monday","January","Rango10_Cont"
"2026.01.19","17:06","08:33","SHORT","25229.25","25289.25","25049.25","18008.0","3.00","4401.0","16275.0","BELOW","214","927","1","5703.0","7.03","63.01","-6501.00","Monday","January","NY_Reversion"
"2026.01.20","09:34","11:25","SHORT","24956.75","25056.75","24656.75","-10011.0","-1.00","9326.0","1448.0","BELOW","391","111","1","8852.0","19.93","232.50","1400.00","Tuesday","January","Rango10_Cont"
"2026.01.20","16:36","18:33","SHORT","25249.61","25309.61","25069.61","18016.0","3.00","1414.0","16435.0","BELOW","474","117","1","7414.0","26.70","232.50","-7699.00","Tuesday","January","NY_Reversion"
"2026.01.22","16:46","15:22","SHORT","25534.25","25594.25","25354.25","-6028.0","-1.00","4975.0","13424.0","ABOVE","344","1356","1","4502.0","13.35","624.91","-4951.00","Thursday","January","NY_Reversion"
"2026.01.23","16:32","17:46","LONG","25632.74","25572.74","25812.74","-6027.0","-1.00","4899.0","4213.0","ABOVE","425","74","1","4949.0","14.13","256.16","-5051.00","Friday","January","NY_Reversion"
"2026.01.26","09:32","14:32","SHORT","25524.27","25624.27","25224.27","-10004.0","-1.00","9411.0","7300.0","ABOVE","309","300","1","4701.0","9.86","144.77","2548.00","Monday","January","Rango10_Cont"
"2026.01.26","16:32","03:58","SHORT","25783.26","25843.26","25603.26","-6001.0","-1.00","5702.0","7950.0","ABOVE","402","686","1","5762.0","14.67","144.77","-7013.00","Monday","January","NY_Reversion"
"2026.01.27","09:58","15:10","SHORT","25834.51","25934.51","25534.51","-10003.0","-1.00","9689.0","5024.0","ABOVE","228","312","1","2399.0","5.96","384.37","125.00","Tuesday","January","Rango10_Cont"
"2026.01.27","16:46","06:00","LONG","25950.74","25890.74","26130.74","18048.0","3.01","3810.0","16152.0","ABOVE","132","794","1","1865.0","7.31","384.37","-2103.00","Tuesday","January","NY_Reversion"
"2026.01.28","09:52","15:43","LONG","26152.27","26052.27","26452.27","-10002.0","-1.00","9001.0","3848.0","ABOVE","191","351","1","2853.0","8.06","271.53","200.00","Wednesday","January","Rango10_Cont"
"2026.01.29","09:32","14:45","SHORT","26111.76","26211.76","25811.76","30013.0","3.00","2100.0","28338.0","ABOVE","241","313","1","2750.0","9.08","351.14","151.00","Thursday","January","Rango10_Cont"
"2026.01.29","16:44","17:12","SHORT","25583.50","25643.50","25403.50","-6002.0","-1.00","4450.0","1839.0","ABOVE","516","28","50","7050.0","30.41","351.14","-7254.00","Thursday","January","NY_Reversion"
"2026.01.30","09:46","10:37","SHORT","25555.66","25655.66","25255.66","-10043.0","-1.00","7913.0","2964.0","BELOW","368","51","60","9763.0","18.56","743.18","566.00","Friday","January","Rango10_Cont"
"2026.01.30","16:44","18:12","SHORT","25716.42","25776.42","25536.42","18000.0","3.00","60.0","17641.0","ABOVE","492","88","60","8985.0","30.10","743.18","-8985.00","Friday","January","NY_Reversion"
"2026.02.02","09:34","14:50","LONG","25340.09","25240.09","25640.09","30041.0","3.00","6435.0","28331.0","BELOW","344","316","70","10211.0","18.17","196.13","311.00","Monday","February","Rango10_Cont"
"2026.02.02","16:48","07:49","LONG","25724.05","25664.05","25904.05","18013.0","3.00","563.0","17383.0","ABOVE","421","901","60","5087.0","16.29","196.13","-5325.00","Monday","February","NY_Reversion"
"2026.02.03","10:36","14:57","SHORT","25837.74","25937.74","25537.74","30028.0","3.00","4421.0","25566.0","ABOVE","210","261","70","5089.0","7.04","798.15","263.00","Tuesday","February","Rango10_Cont"
"2026.02.03","16:52","17:12","LONG","25354.91","25294.91","25534.91","-6036.0","-1.01","60.0","4625.0","BELOW","490","20","60","8801.0","24.50","798.15","-10952.00","Tuesday","February","NY_Reversion"
"2026.02.04","10:32","13:49","LONG","25340.57","25240.57","25640.57","-10027.0","-1.00","8718.0","3379.0","BELOW","307","197","70","8975.0","10.70","808.73","417.00","Wednesday","February","Rango10_Cont"
"2026.02.04","16:40","16:44","LONG","24926.02","24866.02","25106.02","-6005.0","-1.00","5260.0","0.0","BELOW","521","4","60","9700.0","34.12","808.73","-10091.00","Wednesday","February","NY_Reversion"
"2026.02.05","09:32","11:33","LONG","24985.99","24885.99","25285.99","-10002.0","-1.00","8036.0","0.0","BELOW","376","121","70","9255.0","21.15","729.79","2194.00","Thursday","February","Rango10_Cont"
"2026.02.05","16:34","17:40","SHORT","24702.28","24762.28","24522.28","-6047.0","-1.01","4576.0","7327.0","BELOW","545","66","60","23688.0","42.03","729.79","-26371.00","Thursday","February","NY_Reversion"
"2026.02.06","09:32","16:35","LONG","24636.70","24536.70","24936.70","30020.0","3.00","2632.0","29122.0","BELOW","362","423","70","16374.0","22.13","867.26","1308.00","Friday","February","Rango10_Cont"
"2026.02.06","16:36","17:52","SHORT","24941.41","25001.41","24761.41","-6012.0","-1.00","5812.0","4887.0","BELOW","468","76","60","6048.0","22.16","867.26","-6798.00","Friday","February","NY_Reversion"
"2026.02.10","16:44","20:04","LONG","25241.04","25181.04","25421.04","-6007.0","-1.00","5011.0","6515.0","BELOW","455","200","60","6236.0","20.34","471.94","-6462.00","Tuesday","February","NY_Reversion"
"2026.02.11","16:36","10:04","LONG","25108.01","25048.01","25288.01","18004.0","3.00","3698.0","17586.0","BELOW","512","1048","60","8148.0","28.72","247.66","-8140.00","Wednesday","February","NY_Reversion"
"2026.02.12","09:48","15:57","SHORT","25254.86","25354.86","24954.86","30022.0","3.00","7821.0","29185.0","ABOVE","262","369","70","2251.0","6.94","405.24","400.00","Thursday","February","Rango10_Cont"
"2026.02.13","11:00","14:48","SHORT","24645.39","24745.39","24345.39","-10027.0","-1.00","8468.0","13118.0","BELOW","319","228","70","7550.0","15.03","697.47","-50.00","Friday","February","Rango10_Cont"
"2026.02.13","16:40","17:14","SHORT","24799.91","24859.91","24619.91","-6009.0","-1.00","5511.0","1274.0","BELOW","496","34","60","10410.0","36.67","697.47","-12296.00","Friday","February","NY_Reversion"
"2026.02.16","16:38","02:07","LONG","24611.26","24551.26","24791.26","-6009.0","-1.00","5188.0","14258.0","BELOW","351","569","60","5596.0","15.86","83.53","-6665.00","Monday","February","NY_Reversion"
"2026.02.17","16:32","17:44","LONG","24632.91","24572.91","24812.91","-6037.0","-1.01","3898.0","7701.0","BELOW","514","72","60","7287.0","30.21","250.45","-8713.00","Tuesday","February","NY_Reversion"
"2026.02.18","09:32","13:48","LONG","24858.08","24758.08","25158.08","-10012.0","-1.00","9819.0","2928.0","BELOW","190","256","70","2575.0","9.18","439.62","218.00","Wednesday","February","Rango10_Cont"
"2026.02.19","16:46","17:48","LONG","24782.05","24722.05","24962.05","-6034.0","-1.01","4711.0","4488.0","BELOW","473","62","60","8574.0","22.88","419.61","-10650.00","Thursday","February","NY_Reversion"
"2026.02.20","10:04","15:01","SHORT","24865.89","24965.89","24565.89","-10172.0","-1.02","1395.0","22257.0","BELOW","266","297","70","5153.0","6.99","303.95","247.00","Friday","February","Rango10_Cont"
"2026.02.20","16:46","17:19","SHORT","25040.69","25100.69","24860.69","18018.0","3.00","2083.0","16077.0","ABOVE","479","33","60","12401.0","31.91","303.95","-12928.00","Friday","February","NY_Reversion"
"2026.02.23","09:42","12:28","LONG","24941.57","24841.57","25241.57","-10000.0","-1.00","9519.0","0.0","ABOVE","191","166","70","6889.0","9.16","120.51","381.00","Monday","February","Rango10_Cont"
"2026.02.23","16:38","01:42","SHORT","24719.91","24779.91","24539.91","-6003.0","-1.00","5221.0","9836.0","BELOW","480","544","60","11076.0","23.05","120.51","-11174.00","Monday","February","NY_Reversion"
"2026.02.24","09:58","14:33","LONG","24794.57","24694.57","25094.57","-10035.0","-1.00","8368.0","3829.0","BELOW","162","275","70","5397.0","8.90","370.32","520.00","Tuesday","February","Rango10_Cont"
"2026.02.24","16:32","13:56","LONG","24932.02","24872.02","25112.02","18008.0","3.00","1071.0","17035.0","ABOVE","484","1284","60","5150.0","19.59","370.32","-6140.00","Tuesday","February","NY_Reversion"
"2026.02.25","10:38","20:30","LONG","25038.81","24938.81","25338.81","27498.0","2.75","2292.0","28363.0","ABOVE","194","592","70","3201.0","6.16","382.44","493.00","Wednesday","February","Rango10_Cont"
"2026.02.25","16:32","19:07","SHORT","25260.41","25320.41","25080.41","-6005.0","-1.00","5462.0","1340.0","ABOVE","372","155","60","2141.0","11.85","382.44","-3012.00","Wednesday","February","NY_Reversion"
"2026.02.26","16:38","16:57","LONG","24974.80","24914.80","25154.80","-6007.0","-1.00","5364.0","212.0","ABOVE","499","19","60","5788.0","21.62","493.01","-6102.00","Thursday","February","NY_Reversion"
"2026.02.27","09:38","20:30","SHORT","24999.38","25099.38","24699.38","7221.0","0.72","244.0","25194.0","ABOVE","276","652","70","4802.0","11.26","551.83","98.00","Friday","February","Rango10_Cont"
"2026.02.27","16:44","18:21","LONG","24894.28","24834.28","25074.28","-6004.0","-1.00","4635.0","8426.0","ABOVE","483","97","60","5789.0","23.20","551.83","-6803.00","Friday","February","NY_Reversion"
"2026.03.02","10:04","16:09","LONG","24629.08","24529.08","24929.08","30011.0","3.00","5770.0","27986.0","BELOW","390","365","70","10003.0","14.84","121.64","1919.00","Monday","March","Rango10_Cont"
"2026.03.03","09:36","14:30","SHORT","24466.38","24566.38","24166.38","-10042.0","-1.00","9121.0","10382.0","BELOW","405","294","70","7177.0","21.43","622.06","299.00","Tuesday","March","Rango10_Cont"
"2026.03.04","09:36","15:19","LONG","24693.56","24593.56","24993.56","30032.0","3.00","2166.0","27688.0","BELOW","347","343","70","9838.0","19.05","626.11","1029.00","Wednesday","March","Rango10_Cont"
"2026.03.06","09:34","13:51","SHORT","24917.88","25017.88","24617.88","30045.0","3.00","1843.0","27432.0","ABOVE","401","257","70","12186.0","20.62","467.44","514.00","Friday","March","Rango10_Cont"
